{
  "Fox News": {
    "x": 0.9456621886789799,
    "y": -1.0348461900651456,
    "z": 2.175102787092328,
    "count": 50
  },
  "NYT": {
    "x": 0.709744232847835,
    "y": -0.9847552232782949,
    "z": 1.9702265392424483,
    "count": 66
  },
  "NBC News": {
    "x": 1.0177635738998652,
    "y": -1.66835147023201,
    "z": 2.23060736335814,
    "count": 25
  },
  "Breitbart": {
    "x": 1.159156651655212,
    "y": -0.9889229218661785,
    "z": 2.071854054108262,
    "count": 50
  },
  "The Guardian": {
    "x": 1.162792235116164,
    "y": -0.20905336767124633,
    "z": 2.4527780398726464,
    "count": 60
  },
  "Washington Post": {
    "x": 0.32284852344056836,
    "y": 0.5336800301852433,
    "z": 2.310624895212443,
    "count": 23
  },
  "NPR": {
    "x": -0.0590912114828825,
    "y": -4.481062936782837,
    "z": 3.180610328912735,
    "count": 10
  }
}