{
  "Fox News": {
    "x": 0.9232103228569031,
    "y": 3.5158233642578125,
    "z": -1.2539763450622559,
    "count": 50
  },
  "NYT": {
    "x": 0.5358286499977112,
    "y": 4.795312881469727,
    "z": -0.5858279466629028,
    "count": 51
  },
  "NBC News": {
    "x": 0.4198508560657501,
    "y": 5.619271278381348,
    "z": -1.2952574491500854,
    "count": 25
  },
  "Breitbart": {
    "x": 0.9171883463859558,
    "y": 4.083799362182617,
    "z": -1.161922812461853,
    "count": 50
  },
  "The Guardian": {
    "x": 1.294819951057434,
    "y": 4.125642776489258,
    "z": 0.008277763612568378,
    "count": 60
  },
  "Washington Post": {
    "x": -0.15631970763206482,
    "y": 4.87151575088501,
    "z": -0.1329900473356247,
    "count": 17
  },
  "NPR": {
    "x": -1.6877437829971313,
    "y": 5.28391170501709,
    "z": -3.892857074737549,
    "count": 10
  }
}