{
  "Breitbart": {
    "x": 7.061408519744873,
    "y": 11.421375274658203,
    "z": 5.801894664764404,
    "count": 50
  },
  "Fox News": {
    "x": 6.6622724533081055,
    "y": 11.479816436767578,
    "z": 5.745199203491211,
    "count": 50
  },
  "NBC News": {
    "x": 6.987712860107422,
    "y": 11.63248062133789,
    "z": 5.892335414886475,
    "count": 25
  },
  "NPR": {
    "x": 6.3917236328125,
    "y": 11.85502815246582,
    "z": 6.277768135070801,
    "count": 10
  },
  "NYT": {
    "x": 6.99352502822876,
    "y": 11.997419357299805,
    "z": 5.716315269470215,
    "count": 66
  },
  "The Guardian": {
    "x": 7.0400614738464355,
    "y": 11.698209762573242,
    "z": 5.731660842895508,
    "count": 60
  },
  "Washington Post": {
    "x": 6.961093902587891,
    "y": 11.94267463684082,
    "z": 5.753259181976318,
    "count": 23
  }
}